review_id,product_category,review_text,rating,sentiment,aspects,timestamp
AMZ_001,Electronics,"The sound quality on these noise cancelling headphones is truly incredible. Bass is deep and crisp.",5,positive,"sound quality, noise cancelling, bass",2025-01-10T10:30:00Z
AMZ_002,Electronics,"Battery died within two weeks of light usage. Extremely disappointed with the build quality.",1,negative,"battery life, build quality, reliability",2025-01-11T14:22:00Z
AMZ_003,Electronics,"Decent earbuds for the price. Not the best microphone for calls, but music playback is acceptable.",3,neutral,"price, microphone, call quality, sound quality",2025-01-12T09:15:00Z
AMZ_004,Home & Kitchen,"This espresso machine heats up in under 30 seconds! Frothing wand produces velvety foam every time.",5,positive,"heating speed, frothing wand, performance",2025-01-12T16:45:00Z
AMZ_005,Home & Kitchen,"The water reservoir cracked after three days. Customer support took 5 days to respond and refused replacement.",1,negative,"water reservoir, customer support, durability",2025-01-13T11:05:00Z
AMZ_006,Electronics,"Screen resolution is sharp and vivid. However, the cooling fan gets uncomfortably loud under heavy load.",3,neutral,"screen resolution, cooling fan, noise level",2025-01-14T13:40:00Z
AMZ_007,Books,"Riveting storyline and richly developed characters. Could not put it down until the final page.",5,positive,"storyline, character development, writing",2025-01-15T08:20:00Z
AMZ_008,Books,"Book arrived with bent pages and damaged cover due to poor packaging. Content is okay.",2,negative,"packaging, book condition, shipping",2025-01-15T18:12:00Z
AMZ_009,Fashion,"Fabric is ultra soft and breathable. Fits true to size and survived several machine washes without shrinking.",5,positive,"fabric, fit, breathability, durability",2025-01-16T12:00:00Z
AMZ_010,Fashion,"Color in the pictures does not match what arrived. It is much darker and zipper feels cheap.",2,negative,"color accuracy, zipper quality, material",2025-01-16T19:30:00Z
AMZ_011,Electronics,"Setup was seamless on both iOS and Android. Wireless connectivity is rock solid.",5,positive,"setup, connectivity, compatibility",2025-01-17T09:10:00Z
AMZ_012,Electronics,"Constantly drops Bluetooth connection during conference calls. Very frustrating for remote work.",1,negative,"bluetooth connectivity, call stability",2025-01-17T15:25:00Z
AMZ_013,Home & Kitchen,"It works as expected for a basic blender. Smoothies are fine if you don't use too much ice.",3,neutral,"blending performance, power, price",2025-01-18T10:50:00Z
AMZ_014,Sports & Fitness,"Outstanding grip and cushioning on this yoga mat. Does not slip even during hot yoga sessions.",5,positive,"grip, cushioning, slip resistance",2025-01-18T17:15:00Z
AMZ_015,Sports & Fitness,"Tore along the seam on my third workout. Poor stitching and substandard rubber material.",1,negative,"durability, stitching, material quality",2025-01-19T11:35:00Z
AMZ_016,Electronics,"Ultra fast charging and compact size make this charger ideal for international travel.",5,positive,"charging speed, size, portability",2025-01-20T08:45:00Z
AMZ_017,Electronics,"The cable is too stiff and the plug runs dangerously hot while charging a laptop.",2,negative,"cable flexibility, heating, safety",2025-01-20T14:10:00Z
AMZ_018,Beauty & Personal Care,"Skin feels instantly hydrated and radiant without any greasy residue. Scent is gentle and floral.",5,positive,"hydration, skin texture, scent",2025-01-21T09:30:00Z
AMZ_019,Beauty & Personal Care,"Caused a breakout after two applications. The perfume is way too overpowering.",1,negative,"skin reaction, fragrance, sensitivity",2025-01-21T16:00:00Z
AMZ_020,Automotive,"Installation took 10 minutes. Wiper blades clear the windshield silently and cleanly in heavy rain.",5,positive,"installation, wiping performance, noise level",2025-01-22T10:15:00Z
AMZ_021,Automotive,"Left severe streaks on the driver side after just one week. Squeaks constantly.",1,negative,"streaking, noise, wiper durability",2025-01-22T15:50:00Z
AMZ_022,Toys & Games,"Kids spent hours building different modular tracks. Plastic feels durable and high grade.",5,positive,"play value, plastic quality, engagement",2025-01-23T11:20:00Z
AMZ_023,Toys & Games,"Missing 4 critical pieces in the box. Instructions were confusing and unhelpful.",1,negative,"missing parts, instruction clarity, packaging",2025-01-23T17:40:00Z
AMZ_024,Electronics,"Camera sensor captures brilliant low-light photos. Optical zoom is crisp and autofocus is instant.",5,positive,"camera sensor, low light performance, autofocus",2025-01-24T09:00:00Z
AMZ_025,Electronics,"The companion mobile app crashes whenever you try to transfer 4K video files.",2,negative,"app stability, video transfer, software",2025-01-24T14:30:00Z
AMZ_026,Office Products,"Ergonomic lumbar support reduced my back pain noticeably after 8-hour work days.",5,positive,"ergonomics, lumbar support, comfort",2025-01-25T10:00:00Z
AMZ_027,Office Products,"Armrests are stiff plastic with zero padding. Wheel casters scratch hardwood floors.",2,negative,"armrest comfort, casters, floor protection",2025-01-25T16:20:00Z
AMZ_028,Electronics,"Smartwatch accurately tracks sleep cycles and heart rate. Battery easily lasts 5 full days.",5,positive,"sleep tracking, heart rate accuracy, battery life",2025-01-26T08:30:00Z
AMZ_029,Electronics,"Heart rate sensor fluctuates wildly during high intensity workouts. Step counter is inaccurate.",2,negative,"sensor accuracy, workout tracking, step counter",2025-01-26T13:45:00Z
AMZ_030,Home & Kitchen,"Air fryer cooks crispy fries with minimal oil. Cleaning the non-stick basket is effortless.",5,positive,"cooking quality, ease of cleaning, healthy cooking",2025-01-27T11:10:00Z
AMZ_031,Home & Kitchen,"Non-stick coating began peeling off after 2 months of hand washing. Health hazard.",1,negative,"coating durability, safety, build quality",2025-01-27T17:00:00Z
AMZ_032,Fashion,"Winter jacket provides tremendous warmth in sub-zero weather while remaining lightweight.",5,positive,"thermal insulation, weight, comfort",2025-01-28T09:40:00Z
AMZ_033,Fashion,"The hood is far too small and snaps open in high wind. Pockets are poorly placed.",2,negative,"hood design, pocket placement, wind protection",2025-01-28T15:15:00Z
AMZ_034,Electronics,"Keyboard mechanical switches offer satisfying tactile feedback. RGB lighting looks gorgeous.",5,positive,"switches, typing feel, rgb lighting",2025-01-29T10:05:00Z
AMZ_035,Electronics,"Spacebar rattles loudly and multiple keys started registering double clicks within 3 weeks.",1,negative,"key chatter, spacebar stabilizer, build quality",2025-01-29T16:50:00Z
AMZ_036,Home & Kitchen,"Robot vacuum easily navigates around furniture and transition rugs. Pet hair pickup is fantastic.",5,positive,"navigation, suction power, pet hair removal",2025-01-30T09:25:00Z
AMZ_037,Home & Kitchen,"Gets stuck under every dining chair and loses map data after power restarts.",2,negative,"navigation, mapping reliability, software",2025-01-30T14:40:00Z
AMZ_038,Sports & Fitness,"Dumbbell set is compact and the quick-lock weight adjustment mechanism works flawlessly.",5,positive,"compact design, weight mechanism, usability",2025-01-31T11:00:00Z
AMZ_039,Sports & Fitness,"Weight plates rattle loosely and one dial jammed permanently on 15 lbs.",1,negative,"locking dial, durability, mechanical fault",2025-01-31T18:00:00Z
AMZ_040,Electronics,"Monitor color gamut is exceptional for video editing and high refresh rate is silky smooth.",5,positive,"color accuracy, refresh rate, display quality",2025-02-01T08:50:00Z
AMZ_041,Electronics,"Arrived with 3 stuck pixels in the center of the panel. Stand is wobbly.",2,negative,"dead pixels, stand stability, quality control",2025-02-01T15:30:00Z
AMZ_042,Home & Kitchen,"Stainless steel cookware heats evenly with zero hot spots. Handles stay cool on the stovetop.",5,positive,"heat distribution, handle safety, material",2025-02-02T10:20:00Z
AMZ_043,Home & Kitchen,"Food sticks terribly even with copious butter and oil. Discolored after first use.",2,negative,"sticking, discoloration, maintenance",2025-02-02T16:10:00Z
AMZ_044,Electronics,"Compact power bank charges my smartphone three times over. Slim form factor fits in any pocket.",5,positive,"capacity, slim design, portability",2025-02-03T09:15:00Z
AMZ_045,Electronics,"Takes over 10 hours to recharge itself. The USB-C port is loose and disconnects constantly.",2,negative,"recharge time, port quality, connection",2025-02-03T14:50:00Z
AMZ_046,Fashion,"Leather boots are handcrafted with perfection. Extremely comfortable right out of the box.",5,positive,"craftsmanship, leather quality, break-in comfort",2025-02-04T10:45:00Z
AMZ_047,Fashion,"Sole detached from the toe area after two rainy walks. Not water resistant as advertised.",1,negative,"sole bonding, water resistance, durability",2025-02-04T17:20:00Z
AMZ_048,Electronics,"Microphone reproduces warm broadcast quality vocals. Built-in gain dial is responsive and handy.",5,positive,"audio fidelity, gain dial, vocal clarity",2025-02-05T08:40:00Z
AMZ_049,Electronics,"Picks up unbearable electrical hum and keyboard vibrations. Stand lacks shock isolation.",2,negative,"noise interference, vibration isolation, shock mount",2025-02-05T13:55:00Z
AMZ_050,Home & Kitchen,"Quiet operation and excellent humidification for large master bedrooms. Nightlight is soothing.",5,positive,"noise level, humidification, nightlight",2025-02-06T11:30:00Z
AMZ_051,Electronics,"Great sound balance, decent noise cancellation, and battery lasts through my entire workday.",4,positive,"sound balance, noise cancellation, battery life",2025-02-06T14:00:00Z
AMZ_052,Electronics,"Standard wireless mouse. Average ergonomics, works on wooden surfaces without a mousepad.",3,neutral,"ergonomics, sensor tracking, value",2025-02-07T09:15:00Z
AMZ_053,Home & Kitchen,"Microwave heats food evenly and the quiet mode turns off all beeping sounds. Highly recommend!",5,positive,"heating consistency, quiet mode, usability",2025-02-07T16:30:00Z
AMZ_054,Home & Kitchen,"Turntable stopped spinning after two weeks. Customer service offered only partial store credit.",1,negative,"turntable mechanism, reliability, customer service",2025-02-08T11:45:00Z
AMZ_055,Fashion,"Casual sneakers have great arch support and the canvas is easy to wipe clean.",4,positive,"arch support, comfort, canvas cleaning",2025-02-08T17:20:00Z
AMZ_056,Fashion,"Size runs at least one full size smaller than listed. Toe box is excessively tight.",2,negative,"sizing accuracy, toe box room, fit",2025-02-09T10:10:00Z
AMZ_057,Office Products,"Paper shredder handles 12 sheets smoothly without jamming. Bin window makes it easy to see fill level.",5,positive,"shredding capacity, anti-jam, waste bin",2025-02-09T15:40:00Z
AMZ_058,Office Products,"Overheats after 4 minutes of continuous shredding and takes an hour to cool down.",1,negative,"overheating, duty cycle, motor thermal protection",2025-02-10T12:00:00Z
AMZ_059,Electronics,"Solid 1080p webcam with dual microphones that filter out background room echo effectively.",4,positive,"video quality, microphone clarity, noise filtering",2025-02-10T18:25:00Z
AMZ_060,Electronics,"Autofocus constantly hunts back and forth during calls, making image blurry.",2,negative,"autofocus hunting, video blur, camera stability",2025-02-11T09:35:00Z
