review_id,business_category,review_text,rating,sentiment,aspects,timestamp
YLP_001,Restaurants,"The wood fired margherita pizza was perfection! Crust was crispy, sauce was vibrant and fresh.",5,positive,"crust quality, tomato sauce, pizza freshness",2025-01-10T12:30:00Z
YLP_002,Restaurants,"Wait staff completely ignored us for 40 minutes. Food arrived lukewarm and under-seasoned.",1,negative,"wait staff, service delay, food temperature, seasoning",2025-01-11T19:45:00Z
YLP_003,Cafes & Bakeries,"Charming atmosphere and great cold brew. Seating is somewhat cramped during morning rush.",3,neutral,"atmosphere, cold brew coffee, seating space",2025-01-12T08:15:00Z
YLP_004,Restaurants,"Best handmade pasta in the city. The truffle tagliatelle was rich, decadent, and perfectly al dente.",5,positive,"handmade pasta, truffle flavor, culinary execution",2025-01-12T20:00:00Z
YLP_005,Restaurants,"Overpriced cocktails that tasted like pure sugary syrup. Music was deafeningly loud.",1,negative,"cocktail quality, pricing, noise level, ambience",2025-01-13T22:15:00Z
YLP_006,Hotels & Travel,"Room was spotless, bed was exceptionally comfortable, and front desk staff were welcoming.",5,positive,"cleanliness, bed comfort, staff hospitality",2025-01-14T11:20:00Z
YLP_007,Hotels & Travel,"AC unit rattled all night and shower had zero hot water in the morning. Terrible stay.",1,negative,"air conditioning noise, hot water, room maintenance",2025-01-14T07:45:00Z
YLP_008,Automotive Services,"Mechanic explained every repair clearly with upfront pricing. Finished the brake job ahead of schedule.",5,positive,"transparency, pricing honesty, repair speed",2025-01-15T14:10:00Z
YLP_009,Automotive Services,"Charged an extra $150 in hidden shop fees without prior approval. Unprofessional service.",1,negative,"hidden fees, billing transparency, customer service",2025-01-15T17:30:00Z
YLP_010,Beauty & Spas,"Incredible deep tissue massage! The therapist relieved all tension in my lower back.",5,positive,"massage technique, tension relief, therapist skill",2025-01-16T15:00:00Z
YLP_011,Beauty & Spas,"Massage felt rushed and therapist answered a phone call midway through the session.",1,negative,"professionalism, session disruption, service quality",2025-01-16T18:40:00Z
YLP_012,Restaurants,"Sushi was remarkably fresh, tuna melted in your mouth, and presentation was artful.",5,positive,"fish freshness, sushi presentation, taste",2025-01-17T19:15:00Z
YLP_013,Restaurants,"The sushi rolls fell apart upon picking them up. Rice was overly sour and mushy.",2,negative,"sushi roll construction, rice texture, seasoning",2025-01-17T21:00:00Z
YLP_014,Bars & Nightlife,"Craft beer selection on tap is unmatched. Bartenders know their hops and give great recommendations.",5,positive,"beer selection, bartender knowledge, recommendations",2025-01-18T21:30:00Z
YLP_015,Bars & Nightlife,"Bouncer was unnecessarily rude and aggressive at the entrance. Drinks were watered down.",1,negative,"bouncer attitude, entry experience, drink strength",2025-01-18T23:50:00Z
YLP_016,Fitness & Gyms,"State of the art gym equipment, clean locker rooms, and great free weight area.",5,positive,"equipment quality, cleanliness, free weights",2025-01-19T09:00:00Z
YLP_017,Fitness & Gyms,"Half of the treadmills have broken screens and cancellation policy requires an in-person notarized letter.",1,negative,"equipment maintenance, contract cancellation policy",2025-01-19T14:20:00Z
YLP_018,Restaurants,"Smoked brisket had the perfect bark and smoke ring. Mac and cheese was creamy perfection.",5,positive,"brisket smoke ring, meat tenderness, side dish quality",2025-01-20T13:10:00Z
YLP_019,Restaurants,"Ribs were dry and tough as shoe leather. Barbecue sauce was cloyingly sweet.",1,negative,"meat dryness, texture, sauce flavor",2025-01-20T18:30:00Z
YLP_020,Home Services,"Electrician arrived on time, diagnosed the circuit breaker fault within 15 minutes, and fixed it safely.",5,positive,"punctuality, diagnostics skill, safety standard",2025-01-21T10:00:00Z
YLP_021,Home Services,"Electrician left drywall dust all over the carpet and charged double the initial verbal estimate.",1,negative,"messiness, cleanup failure, billing overrun",2025-01-21T16:45:00Z
YLP_022,Cafes & Bakeries,"Flakiest croissants in town! Almond croissant is packed with rich frangipane filling.",5,positive,"croissant flakiness, pastry filling, bakery quality",2025-01-22T08:30:00Z
YLP_023,Cafes & Bakeries,"Pastries tasted stale like yesterday's leftovers. Coffee was bitter and burnt.",1,negative,"pastry freshness, coffee bitterness, roast quality",2025-01-22T11:15:00Z
YLP_024,Restaurants,"Tasting menu was an unforgettable culinary journey. Wine pairing elevated each course beautifully.",5,positive,"tasting menu, wine pairing, culinary experience",2025-01-23T20:30:00Z
YLP_025,Restaurants,"Portions were laughably tiny and table was directly next to the noisy kitchen swinging doors.",2,negative,"portion size, table placement, dining comfort",2025-01-23T22:00:00Z
YLP_026,Pet Services,"Groomer treated our anxious rescue dog with so much gentleness and love. Haircut looks fantastic!",5,positive,"animal care, groomer patience, haircut quality",2025-01-24T12:00:00Z
YLP_027,Pet Services,"Dog came back with razor burn on belly and a nicked ear. Staff did not even apologize.",1,negative,"pet safety, razor burn, staff accountability",2025-01-24T17:10:00Z
YLP_028,Dentists & Healthcare,"Doctor and hygienist were gentle, explained everything on the digital x-rays, and zero pain during filling.",5,positive,"dentist bedside manner, patient communication, pain management",2025-01-25T11:00:00Z
YLP_029,Dentists & Healthcare,"Waited 50 minutes past scheduled appointment time. Billing department sent account to collections by mistake.",1,negative,"appointment wait time, billing incompetence",2025-01-25T15:30:00Z
YLP_030,Restaurants,"Crispy authentic street tacos with fragrant cilantro and fiery salsa verde. Inexpensive and fast.",5,positive,"taco authenticity, salsa flavor, speed, affordability",2025-01-26T13:00:00Z
YLP_031,Restaurants,"Meat was grisly and cold. Found a piece of plastic wrap inside the burrito.",1,negative,"meat quality, foreign object contamination, hygiene",2025-01-26T18:15:00Z
YLP_032,Hotels & Travel,"Boutique hotel with rooftop infinity pool offering panoramic skyline views. Cocktails at sunset were bliss.",5,positive,"rooftop pool, skyline view, hotel ambiance",2025-01-27T16:00:00Z
YLP_033,Hotels & Travel,"Elevator was out of order all weekend, forcing guests to carry luggage up 6 flights of stairs.",1,negative,"elevator maintenance, accessibility, guest convenience",2025-01-27T21:40:00Z
YLP_034,Restaurants,"Pho broth is simmered to perfection with fragrant star anise and generous slices of tender beef brisket.",5,positive,"pho broth richness, spice balance, beef tenderness",2025-01-28T12:15:00Z
YLP_035,Restaurants,"Broth was bland and salty like powdered bouillon. Noodles were clumped together and soggy.",1,negative,"broth flavor, noodle texture, food authenticity",2025-01-28T19:00:00Z
YLP_036,Event Venues,"Wedding coordinator executed our timeline flawlessly. Beautiful gardens and lighting made photos magical.",5,positive,"event coordination, venue aesthetics, lighting",2025-01-29T18:00:00Z
YLP_037,Event Venues,"Sound system failed during speeches and venue manager refused to turn on AC on a 90 degree day.",1,negative,"audio equipment failure, climate control, venue management",2025-01-29T23:10:00Z
YLP_038,Restaurants,"Delicious vegan burger with smoky plant patty that mimics real beef without being greasy.",4,positive,"vegan patty, burger flavor, texture",2025-01-30T13:30:00Z
YLP_039,Restaurants,"Average diner food. Service was prompt, coffee kept refilled, pancakes were okay.",3,neutral,"service speed, coffee refill, pancake quality",2025-01-30T09:45:00Z
YLP_040,Restaurants,"Burger patty was charred black on the outside and raw ice-cold in the center. Inedible.",1,negative,"food preparation, uneven cooking, food safety",2025-01-30T19:50:00Z
YLP_041,Cafes & Bakeries,"Spacious cafe with plenty of power outlets and fast Wi-Fi. Matcha latte was smooth and not overly sweet.",5,positive,"workspace convenience, wifi speed, matcha quality",2025-01-31T11:00:00Z
YLP_042,Cafes & Bakeries,"Barista was rude when asked for oat milk. Wi-Fi required a purchase password that kept expiring.",2,negative,"barista attitude, wifi restriction, customer experience",2025-01-31T15:20:00Z
YLP_043,Automotive Services,"Tire replacement took only 25 minutes. Free alignment inspection and competitive tire prices.",5,positive,"service speed, pricing transparency, free inspection",2025-02-01T10:30:00Z
YLP_044,Automotive Services,"Cross-threaded one of my wheel lug nuts with an impact gun. Refused to replace damaged stud.",1,negative,"workmanship fault, damaged parts, lack of accountability",2025-02-01T16:15:00Z
YLP_045,Restaurants,"Authentic Neapolitan pizza cooked in 90 seconds in the wood oven. Buffalo mozzarella was heavenly.",5,positive,"wood oven cooking, mozzarella freshness, crust texture",2025-02-02T13:00:00Z
YLP_046,Restaurants,"Pizza crust was soggy in the middle and completely burned around the edges.",2,negative,"cooking balance, soggy crust, burnt edges",2025-02-02T19:30:00Z
YLP_047,Beauty & Spas,"Clean modern salon with complimentary champagne. Hair stylist listened carefully and gave me the exact cut I wanted.",5,positive,"salon ambiance, stylist skill, client consultation",2025-02-03T14:00:00Z
YLP_048,Beauty & Spas,"Bleached my hair to the point of severe breakage. Total disaster that required a pixie cut to fix.",1,negative,"hair damage, chemical overprocessing, stylist incompetence",2025-02-03T18:45:00Z
YLP_049,Hotels & Travel,"Peaceful mountain resort with cozy fireplace in the room, breathtaking balcony views, and heated pool.",5,positive,"fireplace amenity, scenic views, heated pool comfort",2025-02-04T12:00:00Z
YLP_050,Hotels & Travel,"Walls are paper thin. Could hear conversations and TV from both neighboring rooms all night.",2,negative,"soundproofing, noise insulation, room privacy",2025-02-04T22:30:00Z
YLP_051,Restaurants,"Classic diner feel. Food came out in 5 minutes flat, hot coffee and hearty omelettes.",4,positive,"diner atmosphere, fast service, breakfast quality",2025-02-05T08:30:00Z
YLP_052,Restaurants,"Standard fast casual bowl place. Adequate portions, nothing special but fills you up.",3,neutral,"portion size, taste, convenience",2025-02-05T12:45:00Z
YLP_053,Fitness & Gyms,"Great community vibes, motivating coaches, clean equipment and fun group classes.",5,positive,"community culture, coaches, group classes, gym hygiene",2025-02-06T17:30:00Z
YLP_054,Restaurants,"The guacamole was clearly prepared from frozen avocado paste. Chips were stale.",1,negative,"guacamole freshness, chip staleness, ingredient quality",2025-02-06T20:15:00Z
YLP_055,Restaurants,"Super crispy fried chicken with spicy honey drizzle. Sides of coleslaw and cornbread were delicious.",5,positive,"fried chicken crispiness, flavor profile, side dishes",2025-02-07T13:20:00Z
YLP_056,Hotels & Travel,"Fairly standard business hotel. Comfortable bed, decent breakfast buffet, functional gym.",3,neutral,"bed comfort, breakfast buffet, business travel",2025-02-07T08:00:00Z
YLP_057,Home Services,"Plumber arrived within 45 minutes for an emergency leak and fixed the copper pipe quickly.",5,positive,"emergency response, plumbing repair, speed",2025-02-08T10:10:00Z
YLP_058,Home Services,"Left a huge mess in the bathroom and pipe leaked again 2 hours after plumber left.",1,negative,"workmanship failure, recurring leak, cleanliness",2025-02-08T15:30:00Z
YLP_059,Beauty & Spas,"Pedicure was soothing, nails shaped nicely, massage chairs are modern and comfortable.",4,positive,"pedicure quality, massage chair, nail care",2025-02-09T14:15:00Z
YLP_060,Beauty & Spas,"Nail polish chipped within 24 hours. Instruments did not appear to be properly sterilized.",1,negative,"polish durability, hygiene standards, sanitation",2025-02-09T18:00:00Z
